Source,Target,Type,Weight
1,16,Undirected,0.476162
1,26,Undirected,0.729101
1,44,Undirected,0.510495
1,54,Undirected,0.522887
1,70,Undirected,0.426681
1,85,Undirected,0.573611
1,89,Undirected,0.472149
1,97,Undirected,0.435961
1,100,Undirected,0.500127
1,102,Undirected,0.755953
1,108,Undirected,0.556816
1,131,Undirected,0.894203
1,138,Undirected,0.566468
1,142,Undirected,0.528877
1,143,Undirected,0.541884
1,150,Undirected,0.555555
1,158,Undirected,0.652470
1,159,Undirected,0.744317
1,170,Undirected,0.573047
1,172,Undirected,0.500781
1,175,Undirected,0.603994
1,177,Undirected,0.597555
1,189,Undirected,0.638138
1,195,Undirected,0.438928
2,3,Undirected,0.489510
2,5,Undirected,0.450714
2,11,Undirected,0.653686
2,14,Undirected,0.718263
2,19,Undirected,0.464119
2,22,Undirected,0.418148
2,49,Undirected,0.440525
2,56,Undirected,0.443396
2,58,Undirected,0.442672
2,61,Undirected,0.419941
2,69,Undirected,0.509413
2,72,Undirected,0.531843
2,73,Undirected,0.457879
2,74,Undirected,0.421844
2,82,Undirected,0.732787
2,91,Undirected,0.608050
2,95,Undirected,0.443109
2,104,Undirected,0.518134
2,107,Undirected,0.471759
2,109,Undirected,0.445651
2,117,Undirected,0.681888
2,133,Undirected,0.576893
2,139,Undirected,0.462057
2,141,Undirected,0.427467
2,150,Undirected,0.484664
2,173,Undirected,0.461036
2,174,Undirected,0.690669
2,186,Undirected,0.457856
2,191,Undirected,0.482334
2,193,Undirected,0.458534
3,5,Undirected,0.445548
3,6,Undirected,0.418715
3,14,Undirected,0.625860
3,19,Undirected,1.239215
3,22,Undirected,0.510794
3,46,Undirected,0.634541
3,48,Undirected,0.434992
3,49,Undirected,0.424335
3,51,Undirected,0.436111
3,54,Undirected,0.443224
3,58,Undirected,0.865612
3,62,Undirected,0.442854
3,70,Undirected,0.457191
3,81,Undirected,0.853148
3,82,Undirected,0.483702
3,85,Undirected,0.420513
3,89,Undirected,0.495730
3,97,Undirected,0.573147
3,104,Undirected,0.417463
3,105,Undirected,0.698100
3,106,Undirected,0.446832
3,109,Undirected,0.560946
3,114,Undirected,0.435203
3,122,Undirected,0.433361
3,127,Undirected,0.437064
3,139,Undirected,0.491245
3,147,Undirected,0.686002
3,163,Undirected,0.538538
3,166,Undirected,0.561639
3,174,Undirected,0.880643
3,179,Undirected,0.573176
3,191,Undirected,0.420208
4,20,Undirected,0.453169
4,24,Undirected,0.619442
4,33,Undirected,0.449931
4,35,Undirected,0.565760
4,37,Undirected,0.423102
4,59,Undirected,0.452358
4,66,Undirected,0.652045
4,67,Undirected,0.611820
4,79,Undirected,0.460464
4,83,Undirected,0.580812
4,119,Undirected,0.631484
4,121,Undirected,0.637608
4,128,Undirected,0.496145
4,129,Undirected,0.508005
4,137,Undirected,0.777495
4,146,Undirected,0.722791
4,153,Undirected,0.439551
4,178,Undirected,0.451652
4,184,Undirected,0.699678
4,185,Undirected,0.565263
4,196,Undirected,0.425219
4,200,Undirected,0.619493
5,11,Undirected,0.437472
5,19,Undirected,0.456428
5,22,Undirected,0.993486
5,29,Undirected,0.432595
5,40,Undirected,0.691677
5,46,Undirected,0.421260
5,47,Undirected,0.444282
5,51,Undirected,0.553700
5,58,Undirected,0.454050
5,72,Undirected,0.429236
5,82,Undirected,0.454990
5,91,Undirected,0.724823
5,104,Undirected,0.701651
5,109,Undirected,0.682879
5,133,Undirected,0.568272
5,139,Undirected,0.676506
5,160,Undirected,0.421664
5,167,Undirected,0.426199
5,174,Undirected,0.509651
5,191,Undirected,0.508890
5,193,Undirected,0.454461
6,7,Undirected,0.555658
6,8,Undirected,0.429868
6,13,Undirected,0.531640
6,18,Undirected,0.478922
6,21,Undirected,0.472298
6,28,Undirected,0.436621
6,29,Undirected,0.642967
6,31,Undirected,0.440678
6,38,Undirected,0.489300
6,40,Undirected,0.523485
6,45,Undirected,0.451159
6,46,Undirected,0.574687
6,50,Undirected,0.463730
6,55,Undirected,0.555506
6,56,Undirected,0.464434
6,60,Undirected,0.472734
6,64,Undirected,0.473568
6,65,Undirected,0.679931
6,76,Undirected,0.990786
6,79,Undirected,0.663422
6,81,Undirected,0.609257
6,90,Undirected,0.424219
6,93,Undirected,0.452031
6,96,Undirected,0.417622
6,97,Undirected,0.423976
6,106,Undirected,0.559070
6,111,Undirected,0.526703
6,115,Undirected,0.500048
6,123,Undirected,0.700125
6,125,Undirected,0.535995
6,127,Undirected,0.441254
6,128,Undirected,0.431676
6,136,Undirected,0.524835
6,147,Undirected,0.588604
6,149,Undirected,0.426227
6,150,Undirected,0.423074
6,156,Undirected,0.470658
6,161,Undirected,0.444057
6,163,Undirected,0.743267
6,167,Undirected,0.447068
6,168,Undirected,0.539068
6,174,Undirected,0.459119
6,188,Undirected,0.467464
6,191,Undirected,0.474796
6,197,Undirected,0.841155
7,13,Undirected,0.419906
7,14,Undirected,0.459390
7,17,Undirected,0.499928
7,25,Undirected,0.486796
7,38,Undirected,0.682040
7,56,Undirected,0.696802
7,61,Undirected,0.455099
7,64,Undirected,0.469760
7,75,Undirected,0.474554
7,93,Undirected,0.496849
7,106,Undirected,0.481145
7,113,Undirected,0.452029
7,115,Undirected,0.555187
7,127,Undirected,0.528685
7,149,Undirected,0.524072
7,156,Undirected,0.495169
7,163,Undirected,0.424945
7,164,Undirected,0.489985
7,166,Undirected,0.570387
7,168,Undirected,0.471379
7,187,Undirected,0.472487
8,21,Undirected,0.425592
8,28,Undirected,0.500779
8,50,Undirected,0.452865
8,60,Undirected,0.709245
8,76,Undirected,0.460584
8,79,Undirected,0.490106
8,90,Undirected,0.534365
8,96,Undirected,0.763756
8,98,Undirected,0.446734
8,111,Undirected,0.424592
8,118,Undirected,0.421454
8,123,Undirected,0.650346
8,146,Undirected,0.423600
8,154,Undirected,0.599284
8,157,Undirected,0.578472
8,161,Undirected,0.478677
8,171,Undirected,0.500225
9,10,Undirected,0.554383
9,26,Undirected,0.420614
9,36,Undirected,0.588676
9,41,Undirected,0.452211
9,63,Undirected,0.447218
9,77,Undirected,0.493730
9,80,Undirected,0.598491
9,100,Undirected,0.449934
9,103,Undirected,0.562737
9,118,Undirected,0.723288
9,120,Undirected,0.541272
9,126,Undirected,0.488587
9,138,Undirected,0.478171
9,152,Undirected,0.615665
9,159,Undirected,0.506819
9,162,Undirected,0.490267
9,176,Undirected,0.534293
9,177,Undirected,0.499881
9,189,Undirected,0.557941
9,192,Undirected,0.677581
9,195,Undirected,0.459407
10,36,Undirected,0.630041
10,41,Undirected,0.562219
10,77,Undirected,0.549952
10,80,Undirected,0.577879
10,100,Undirected,0.465382
10,103,Undirected,0.492485
10,118,Undirected,0.521263
10,120,Undirected,0.470711
10,126,Undirected,0.706844
10,192,Undirected,0.525057
10,195,Undirected,0.428204
11,14,Undirected,0.422892
11,39,Undirected,0.445284
11,49,Undirected,0.531184
11,69,Undirected,0.481154
11,72,Undirected,0.671723
11,73,Undirected,0.435961
11,74,Undirected,0.504303
11,82,Undirected,0.552844
11,91,Undirected,0.548955
11,99,Undirected,0.542208
11,101,Undirected,0.436237
11,104,Undirected,0.471914
11,107,Undirected,0.653335
11,109,Undirected,0.448885
11,117,Undirected,0.728089
11,133,Undirected,0.548654
11,139,Undirected,0.449987
11,141,Undirected,0.473071
11,149,Undirected,0.422763
11,153,Undirected,0.469188
11,173,Undirected,0.439176
11,174,Undirected,0.485324
11,186,Undirected,0.456195
11,193,Undirected,0.420283
11,196,Undirected,0.473129
12,38,Undirected,0.492722
12,75,Undirected,0.643884
12,106,Undirected,0.465524
12,113,Undirected,0.682677
12,127,Undirected,0.456932
12,139,Undirected,0.493401
12,166,Undirected,0.440272
12,169,Undirected,0.425614
12,183,Undirected,0.645587
13,17,Undirected,0.466788
13,18,Undirected,0.449427
13,20,Undirected,0.533016
13,25,Undirected,0.442920
13,29,Undirected,0.434578
13,34,Undirected,0.458161
13,38,Undirected,0.508709
13,40,Undirected,0.580559
13,45,Undirected,0.477747
13,50,Undirected,0.602279
13,55,Undirected,0.783806
13,59,Undirected,0.561580
13,61,Undirected,0.427482
13,64,Undirected,0.544952
13,67,Undirected,0.440313
13,73,Undirected,0.582597
13,76,Undirected,0.504847
13,79,Undirected,0.732663
13,93,Undirected,0.424145
13,106,Undirected,0.422255
13,115,Undirected,0.599133
13,119,Undirected,0.498029
13,123,Undirected,0.536574
13,125,Undirected,0.579798
13,149,Undirected,0.625071
13,156,Undirected,0.440213
13,161,Undirected,0.730071
13,167,Undirected,0.503628
13,168,Undirected,0.565941
13,182,Undirected,0.649223
13,184,Undirected,0.506448
13,187,Undirected,0.482013
13,197,Undirected,0.424537
14,19,Undirected,0.465253
14,22,Undirected,0.438484
14,49,Undirected,0.540363
14,58,Undirected,0.469001
14,69,Undirected,0.702651
14,81,Undirected,0.456367
14,82,Undirected,0.475012
14,91,Undirected,0.528645
14,106,Undirected,0.476520
14,107,Undirected,0.519364
14,115,Undirected,0.456467
14,117,Undirected,0.444214
14,127,Undirected,0.514301
14,139,Undirected,0.489718
14,140,Undirected,0.425347
14,163,Undirected,0.466301
14,166,Undirected,0.563809
14,174,Undirected,0.654187
14,186,Undirected,0.508505
14,187,Undirected,0.455629
14,193,Undirected,0.566757
15,22,Undirected,0.484396
15,47,Undirected,0.724925
15,51,Undirected,0.496007
15,71,Undirected,0.429699
15,109,Undirected,0.424108
15,130,Undirected,0.505557
15,135,Undirected,0.516222
15,160,Undirected,0.635489
16,23,Undirected,0.429468
16,26,Undirected,0.452661
16,31,Undirected,0.447339
16,34,Undirected,0.493183
16,50,Undirected,0.464706
16,63,Undirected,0.688806
16,85,Undirected,0.438219
16,93,Undirected,0.455029
16,97,Undirected,0.517543
16,99,Undirected,0.540154
16,100,Undirected,0.627122
16,114,Undirected,0.570814
16,116,Undirected,0.424235
16,132,Undirected,0.512879
16,136,Undirected,0.565887
16,143,Undirected,0.687390
16,150,Undirected,0.651013
16,151,Undirected,0.420472
16,156,Undirected,0.510094
16,159,Undirected,0.558957
16,170,Undirected,0.483943
16,171,Undirected,0.464542
16,189,Undirected,0.481757
17,25,Undirected,0.542648
17,34,Undirected,0.698353
17,38,Undirected,0.603594
17,39,Undirected,0.453099
17,64,Undirected,0.464448
17,73,Undirected,0.495200
17,93,Undirected,0.522360
17,114,Undirected,0.456379
17,115,Undirected,0.675494
17,127,Undirected,0.443666
17,132,Undirected,0.533931
17,144,Undirected,0.444978
17,149,Undirected,0.482832
17,151,Undirected,0.495108
17,156,Undirected,0.492139
17,164,Undirected,0.925018
17,166,Undirected,0.493229
17,170,Undirected,0.423806
18,37,Undirected,0.597700
18,40,Undirected,0.419682
18,45,Undirected,0.969734
18,47,Undirected,0.449961
18,48,Undirected,0.587852
18,55,Undirected,0.461232
18,58,Undirected,0.442211
18,67,Undirected,0.428626
18,79,Undirected,0.478564
18,84,Undirected,0.460915
18,94,Undirected,0.485889
18,119,Undirected,0.450531
18,123,Undirected,0.429588
18,137,Undirected,0.436615
18,146,Undirected,0.417212
18,148,Undirected,0.491942
18,152,Undirected,0.429431
18,178,Undirected,0.517429
18,192,Undirected,0.421395
19,22,Undirected,0.463565
19,46,Undirected,0.556400
19,54,Undirected,0.527574
19,58,Undirected,0.754036
19,70,Undirected,0.572158
19,81,Undirected,0.758435
19,82,Undirected,0.432897
19,89,Undirected,0.533678
19,97,Undirected,0.608340
19,105,Undirected,0.715136
19,109,Undirected,0.472015
19,114,Undirected,0.446110
19,122,Undirected,0.450605
19,147,Undirected,0.744327
19,163,Undirected,0.473121
19,172,Undirected,0.427116
19,174,Undirected,0.689510
19,179,Undirected,0.651903
20,40,Undirected,0.479706
20,47,Undirected,0.437915
20,55,Undirected,0.522995
20,59,Undirected,0.775219
20,67,Undirected,0.601174
20,83,Undirected,0.531219
20,119,Undirected,0.561266
20,137,Undirected,0.421257
20,141,Undirected,0.430833
20,144,Undirected,0.476937
20,165,Undirected,0.425851
20,184,Undirected,0.722831
20,196,Undirected,0.566883
21,28,Undirected,0.578822
21,65,Undirected,0.844293
21,76,Undirected,0.466213
21,90,Undirected,0.595355
21,96,Undirected,0.582889
21,111,Undirected,0.904221
21,123,Undirected,0.593205
21,134,Undirected,0.428824
21,188,Undirected,0.548104
21,197,Undirected,0.461807
22,29,Undirected,0.468111
22,40,Undirected,0.776422
22,46,Undirected,0.486327
22,47,Undirected,0.468066
22,49,Undirected,0.447488
22,51,Undirected,0.623092
22,58,Undirected,0.515534
22,91,Undirected,0.697703
22,104,Undirected,0.589491
22,106,Undirected,0.441344
22,109,Undirected,0.679023
22,133,Undirected,0.471285
22,139,Undirected,0.792004
22,160,Undirected,0.537385
22,174,Undirected,0.517399
22,186,Undirected,0.434048
22,191,Undirected,0.441648
22,193,Undirected,0.487888
23,25,Undirected,0.655786
23,34,Undirected,0.561537
23,56,Undirected,0.435957
23,125,Undirected,0.435191
23,141,Undirected,0.433950
23,151,Undirected,0.692905
23,156,Undirected,0.522334
23,164,Undirected,0.425789
23,165,Undirected,0.451133
23,167,Undirected,0.439937
23,169,Undirected,0.581509
23,183,Undirected,0.503232
24,33,Undirected,0.681224
24,35,Undirected,0.609288
24,55,Undirected,0.474833
24,66,Undirected,0.891867
24,67,Undirected,0.517620
24,79,Undirected,0.558960
24,88,Undirected,0.490038
24,98,Undirected,0.510008
24,116,Undirected,0.576095
24,119,Undirected,0.669886
24,121,Undirected,0.768862
24,123,Undirected,0.494920
24,128,Undirected,0.747880
24,137,Undirected,0.589785
24,146,Undirected,0.870533
24,150,Undirected,0.464920
24,154,Undirected,0.429731
24,157,Undirected,0.421976
24,165,Undirected,0.462037
24,180,Undirected,0.428530
24,184,Undirected,0.629446
24,185,Undirected,0.686165
24,200,Undirected,0.935095
25,34,Undirected,0.421648
25,38,Undirected,0.518972
25,59,Undirected,0.493445
25,75,Undirected,0.561011
25,93,Undirected,0.432208
25,113,Undirected,0.577750
25,119,Undirected,0.424444
25,144,Undirected,0.492833
25,151,Undirected,0.470873
25,156,Undirected,0.444469
25,164,Undirected,0.633011
25,168,Undirected,0.556491
26,44,Undirected,0.517979
26,54,Undirected,0.497996
26,63,Undirected,0.477288
26,85,Undirected,0.537794
26,89,Undirected,0.513745
26,100,Undirected,0.675773
26,102,Undirected,0.684377
26,105,Undirected,0.429119
26,108,Undirected,0.508266
26,126,Undirected,0.465853
26,131,Undirected,0.638161
26,138,Undirected,0.794829
26,142,Undirected,0.516508
26,143,Undirected,0.587208
26,150,Undirected,0.428993
26,158,Undirected,0.640873
26,159,Undirected,0.820835
26,170,Undirected,0.554740
26,172,Undirected,0.642629
26,175,Undirected,0.824220
26,177,Undirected,0.672833
26,189,Undirected,0.695480
26,192,Undirected,0.518317
26,195,Undirected,0.588426
27,32,Undirected,0.432384
27,43,Undirected,0.477436
27,87,Undirected,0.562149
27,145,Undirected,0.435312
27,198,Undirected,0.535892
28,31,Undirected,0.508070
28,60,Undirected,0.761627
28,65,Undirected,0.603990
28,79,Undirected,0.457366
28,90,Undirected,0.549807
28,96,Undirected,0.683915
28,111,Undirected,0.558203
28,123,Undirected,0.672279
28,134,Undirected,0.645628
28,188,Undirected,0.533266
29,40,Undirected,0.593335
29,46,Undirected,0.707942
29,55,Undirected,0.583010
29,58,Undirected,0.424253
29,76,Undirected,0.526789
29,79,Undirected,0.558481
29,81,Undirected,0.512190
29,91,Undirected,0.423777
29,106,Undirected,0.429613
29,123,Undirected,0.426100
29,125,Undirected,0.458835
29,147,Undirected,0.478871
29,149,Undirected,0.426048
29,167,Undirected,0.446276
29,168,Undirected,0.458595
29,174,Undirected,0.447074
30,52,Undirected,0.441511
31,50,Undirected,0.547907
31,60,Undirected,0.451979
31,64,Undirected,0.564000
31,65,Undirected,0.548308
31,76,Undirected,0.430710
31,79,Undirected,0.450775
31,85,Undirected,0.449468
31,90,Undirected,0.452408
31,93,Undirected,0.763148
31,96,Undirected,0.449971
31,116,Undirected,0.427931
31,123,Undirected,0.435183
31,132,Undirected,0.670621
31,134,Undirected,0.563305
31,136,Undirected,0.669857
31,143,Undirected,0.554149
31,150,Undirected,0.422907
31,156,Undirected,0.483644
31,163,Undirected,0.522327
31,170,Undirected,0.563046
31,171,Undirected,0.529585
31,180,Undirected,0.583041
31,188,Undirected,0.722881
31,197,Undirected,0.501997
32,43,Undirected,0.619468
32,78,Undirected,0.510732
32,87,Undirected,0.442032
32,101,Undirected,0.443847
32,140,Undirected,0.536330
32,181,Undirected,0.459588
32,198,Undirected,0.537779
33,55,Undirected,0.512107
33,56,Undirected,0.425929
33,66,Undirected,0.546806
33,67,Undirected,0.432452
33,69,Undirected,0.455019
33,76,Undirected,0.430819
33,79,Undirected,0.534934
33,98,Undirected,0.425214
33,116,Undirected,0.510385
33,117,Undirected,0.475405
33,119,Undirected,0.570166
33,121,Undirected,0.443748
33,123,Undirected,0.450564
33,125,Undirected,0.430330
33,128,Undirected,0.761601
33,137,Undirected,0.454359
33,146,Undirected,0.533464
33,150,Undirected,0.478314
33,161,Undirected,0.438241
33,165,Undirected,0.492045
33,184,Undirected,0.573540
33,185,Undirected,0.495189
33,200,Undirected,0.630284
34,50,Undirected,0.469950
34,61,Undirected,0.465982
34,63,Undirected,0.427207
34,73,Undirected,0.686836
34,95,Undirected,0.433212
34,99,Undirected,0.438730
34,114,Undirected,0.572966
34,141,Undirected,0.481223
34,149,Undirected,0.490403
34,151,Undirected,0.811550
34,156,Undirected,0.597806
34,164,Undirected,0.600527
34,165,Undirected,0.572831
34,169,Undirected,0.430777
34,171,Undirected,0.437152
35,59,Undirected,0.520609
35,66,Undirected,0.758505
35,67,Undirected,0.646012
35,79,Undirected,0.503156
35,88,Undirected,0.424952
35,98,Undirected,0.552106
35,119,Undirected,0.759546
35,121,Undirected,0.754406
35,123,Undirected,0.454400
35,128,Undirected,0.614247
35,137,Undirected,0.668572
35,146,Undirected,0.620098
35,157,Undirected,0.430243
35,178,Undirected,0.512465
35,184,Undirected,0.566437
35,185,Undirected,0.723856
35,200,Undirected,0.565163
36,63,Undirected,0.446183
36,80,Undirected,0.638778
36,103,Undirected,0.617560
36,120,Undirected,0.443176
36,126,Undirected,0.444035
36,192,Undirected,0.477368
37,45,Undirected,0.579399
37,48,Undirected,0.825718
37,58,Undirected,0.515284
37,62,Undirected,0.521151
37,63,Undirected,0.429678
37,68,Undirected,0.417831
37,70,Undirected,0.440942
37,89,Undirected,0.461477
37,92,Undirected,0.478784
37,105,Undirected,0.551848
37,122,Undirected,0.554556
37,137,Undirected,0.420200
37,138,Undirected,0.434702
37,152,Undirected,0.491743
37,172,Undirected,0.465348
37,179,Undirected,0.585651
37,189,Undirected,0.461880
37,195,Undirected,0.442074
38,39,Undirected,0.452514
38,40,Undirected,0.430150
38,56,Undirected,0.435515
38,61,Undirected,0.601260
38,64,Undirected,0.487248
38,73,Undirected,0.432113
38,75,Undirected,0.555535
38,106,Undirected,0.715067
38,113,Undirected,0.496613
38,115,Undirected,0.627734
38,125,Undirected,0.463782
38,127,Undirected,0.653297
38,149,Undirected,0.602122
38,151,Undirected,0.426911
38,156,Undirected,0.428064
38,163,Undirected,0.452942
38,164,Undirected,0.572915
38,166,Undirected,0.527802
38,168,Undirected,0.583898
38,186,Undirected,0.446668
38,187,Undirected,0.454186
38,191,Undirected,0.418359
39,49,Undirected,0.595526
39,63,Undirected,0.482788
39,99,Undirected,0.680596
39,100,Undirected,0.498134
39,107,Undirected,0.423459
39,113,Undirected,0.490056
39,127,Undirected,0.505040
39,164,Undirected,0.468944
39,166,Undirected,0.553935
40,45,Undirected,0.419608
40,46,Undirected,0.440850
40,47,Undirected,0.428834
40,55,Undirected,0.852541
40,59,Undirected,0.453582
40,75,Undirected,0.527061
40,79,Undirected,0.429267
40,91,Undirected,0.639618
40,104,Undirected,0.477761
40,106,Undirected,0.495894
40,125,Undirected,0.521574
40,133,Undirected,0.432016
40,139,Undirected,0.474518
40,149,Undirected,0.607930
40,167,Undirected,0.625738
40,168,Undirected,0.592182
40,187,Undirected,0.492163
40,191,Undirected,0.446922
40,193,Undirected,0.470202
40,196,Undirected,0.418290
41,103,Undirected,0.582694
41,118,Undirected,0.511471
41,162,Undirected,0.490247
41,190,Undirected,0.466236
42,57,Undirected,0.450554
42,113,Undirected,0.451616
42,169,Undirected,0.570034
42,183,Undirected,0.498831
43,72,Undirected,0.430417
43,78,Undirected,0.633168
43,101,Undirected,0.559277
44,54,Undirected,0.716421
44,70,Undirected,0.717128
44,81,Undirected,0.451434
44,89,Undirected,0.886701
44,102,Undirected,0.614689
44,105,Undirected,0.589763
44,108,Undirected,1.111677
44,131,Undirected,0.622894
44,138,Undirected,0.707490
44,142,Undirected,0.782851
44,158,Undirected,0.611037
44,159,Undirected,0.534875
44,170,Undirected,0.450352
44,172,Undirected,0.465145
44,175,Undirected,0.671804
44,177,Undirected,0.718368
44,179,Undirected,0.523906
44,189,Undirected,0.496008
44,192,Undirected,0.437991
44,195,Undirected,0.766142
45,47,Undirected,0.475996
45,48,Undirected,0.430895
45,55,Undirected,0.477992
45,67,Undirected,0.483351
45,76,Undirected,0.418910
45,79,Undirected,0.492874
45,84,Undirected,0.584286
45,94,Undirected,0.495214
45,119,Undirected,0.420342
45,123,Undirected,0.447943
45,148,Undirected,0.494642
45,178,Undirected,0.506842
45,184,Undirected,0.428391
46,58,Undirected,0.757537
46,61,Undirected,0.453396
46,81,Undirected,0.651848
46,82,Undirected,0.615104
46,95,Undirected,0.485565
46,99,Undirected,0.462057
46,104,Undirected,0.513626
46,106,Undirected,0.477436
46,109,Undirected,0.490401
46,114,Undirected,0.535643
46,127,Undirected,0.472983
46,139,Undirected,0.491124
46,147,Undirected,0.650285
46,149,Undirected,0.457112
46,163,Undirected,0.467208
46,166,Undirected,0.604643
46,174,Undirected,0.804065
46,183,Undirected,0.453373
46,191,Undirected,0.538195
47,55,Undirected,0.429456
47,59,Undirected,0.419751
47,67,Undirected,0.514475
47,84,Undirected,0.575459
47,135,Undirected,0.617962
47,148,Undirected,0.446811
47,178,Undirected,0.650246
48,58,Undirected,0.559530
48,62,Undirected,0.611716
48,70,Undirected,0.432448
48,81,Undirected,0.427060
48,89,Undirected,0.461413
48,92,Undirected,0.486225
48,100,Undirected,0.438798
48,105,Undirected,0.650686
48,122,Undirected,0.519653
48,138,Undirected,0.458445
48,152,Undirected,0.533324
48,155,Undirected,0.475928
48,159,Undirected,0.419510
48,172,Undirected,0.549360
48,177,Undirected,0.432734
48,179,Undirected,0.613319
48,189,Undirected,0.473544
48,190,Undirected,0.429579
48,192,Undirected,0.465567
48,194,Undirected,0.436021
48,195,Undirected,0.478130
48,199,Undirected,0.508593
49,51,Undirected,0.464857
49,53,Undirected,0.423329
49,58,Undirected,0.470870
49,62,Undirected,0.473125
49,72,Undirected,0.657584
49,82,Undirected,0.434595
49,91,Undirected,0.504325
49,99,Undirected,0.438112
49,106,Undirected,0.428038
49,107,Undirected,0.559505
49,109,Undirected,0.461945
49,127,Undirected,0.453113
49,133,Undirected,0.451407
49,139,Undirected,0.512994
49,140,Undirected,0.601537
49,153,Undirected,0.587432
49,174,Undirected,0.513953
49,181,Undirected,0.417324
49,186,Undirected,0.496590
49,193,Undirected,0.469958
50,64,Undirected,0.761991
50,65,Undirected,0.475315
50,73,Undirected,0.558138
50,76,Undirected,0.458676
50,79,Undirected,0.482981
50,90,Undirected,0.631996
50,93,Undirected,0.550592
50,95,Undirected,0.567187
50,96,Undirected,0.483442
50,114,Undirected,0.467065
50,115,Undirected,0.512739
50,116,Undirected,0.427810
50,123,Undirected,0.472216
50,125,Undirected,0.456941
50,132,Undirected,0.429585
50,134,Undirected,0.534759
50,136,Undirected,0.666877
50,150,Undirected,0.442193
50,151,Undirected,0.425265
50,156,Undirected,0.575901
50,161,Undirected,0.514756
50,163,Undirected,0.509206
50,171,Undirected,0.555389
50,180,Undirected,0.451372
50,182,Undirected,0.608574
50,188,Undirected,0.559246
50,197,Undirected,0.524676
51,57,Undirected,0.445956
51,58,Undirected,0.522407
51,72,Undirected,0.526205
51,91,Undirected,0.490999
51,104,Undirected,0.496290
51,109,Undirected,0.819583
51,133,Undirected,0.455346
51,139,Undirected,0.526447
51,160,Undirected,0.753770
51,174,Undirected,0.477714
52,86,Undirected,0.765864
52,176,Undirected,0.470918
53,71,Undirected,0.507314
53,74,Undirected,0.556663
53,83,Undirected,0.483054
53,107,Undirected,0.426250
53,112,Undirected,0.449910
53,113,Undirected,0.485217
53,144,Undirected,0.591079
53,149,Undirected,0.429642
53,164,Undirected,0.426996
53,186,Undirected,0.444460
53,187,Undirected,0.441755
53,196,Undirected,0.555389
54,70,Undirected,0.884337
54,81,Undirected,0.719082
54,85,Undirected,0.527525
54,89,Undirected,1.022212
54,97,Undirected,0.517106
54,102,Undirected,0.574751
54,105,Undirected,0.726641
54,108,Undirected,0.768645
54,131,Undirected,0.684671
54,138,Undirected,0.765675
54,142,Undirected,1.172134
54,147,Undirected,0.512076
54,159,Undirected,0.468660
54,170,Undirected,0.623176
54,172,Undirected,0.578454
54,175,Undirected,0.444660
54,177,Undirected,0.807590
54,179,Undirected,0.626749
54,189,Undirected,0.563163
54,195,Undirected,0.494605
55,59,Undirected,0.563790
55,66,Undirected,0.440924
55,67,Undirected,0.523842
55,76,Undirected,0.526773
55,79,Undirected,0.837879
55,83,Undirected,0.430906
55,119,Undirected,0.568419
55,123,Undirected,0.464788
55,125,Undirected,0.663614
55,128,Undirected,0.532092
55,137,Undirected,0.442322
55,146,Undirected,0.441113
55,161,Undirected,0.559199
55,167,Undirected,0.527389
55,168,Undirected,0.626876
55,178,Undirected,0.433668
55,182,Undirected,0.501409
55,184,Undirected,0.598694
55,197,Undirected,0.441056
55,200,Undirected,0.422723
56,61,Undirected,0.572708
56,73,Undirected,0.494193
56,76,Undirected,0.423733
56,82,Undirected,0.503205
56,95,Undirected,0.467132
56,125,Undirected,0.461464
56,149,Undirected,0.521246
56,156,Undirected,0.615691
56,167,Undirected,0.429601
56,173,Undirected,0.417543
56,191,Undirected,0.429074
57,71,Undirected,0.537250
57,74,Undirected,0.472904
58,62,Undirected,0.460539
58,72,Undirected,0.489481
58,81,Undirected,0.558557
58,82,Undirected,0.507790
58,89,Undirected,0.456564
58,91,Undirected,0.460576
58,95,Undirected,0.430447
58,97,Undirected,0.456295
58,104,Undirected,0.536610
58,105,Undirected,0.597175
58,106,Undirected,0.422415
58,109,Undirected,0.627647
58,114,Undirected,0.439748
58,122,Undirected,0.430036
58,133,Undirected,0.424289
58,139,Undirected,0.572829
58,147,Undirected,0.506859
58,163,Undirected,0.469660
58,166,Undirected,0.472815
58,174,Undirected,0.803358
58,179,Undirected,0.562167
58,191,Undirected,0.486023
58,195,Undirected,0.489136
59,66,Undirected,0.446139
59,67,Undirected,0.602888
59,79,Undirected,0.454659
59,83,Undirected,0.566927
59,119,Undirected,0.738740
59,128,Undirected,0.458517
59,137,Undirected,0.498885
59,144,Undirected,0.509885
59,146,Undirected,0.446380
59,168,Undirected,0.468134
59,178,Undirected,0.560227
59,184,Undirected,0.655116
60,65,Undirected,0.442090
60,76,Undirected,0.444696
60,79,Undirected,0.524671
60,90,Undirected,0.458797
60,93,Undirected,0.479105
60,96,Undirected,0.534352
60,98,Undirected,0.430230
60,111,Undirected,0.428788
60,123,Undirected,0.658062
60,134,Undirected,0.571868
60,154,Undirected,0.462764
60,157,Undirected,0.582748
60,161,Undirected,0.440537
60,180,Undirected,0.541870
61,73,Undirected,0.658873
61,82,Undirected,0.633119
61,95,Undirected,0.698984
61,99,Undirected,0.449957
61,106,Undirected,0.517637
61,114,Undirected,0.442577
61,125,Undirected,0.458976
61,127,Undirected,0.500205
61,133,Undirected,0.531767
61,149,Undirected,0.707504
61,151,Undirected,0.567617
61,156,Undirected,0.452410
61,167,Undirected,0.507386
61,169,Undirected,0.501671
61,173,Undirected,0.515382
61,174,Undirected,0.420474
61,183,Undirected,0.534768
61,186,Undirected,0.488332
61,187,Undirected,0.443781
61,191,Undirected,0.699411
62,63,Undirected,0.487764
62,72,Undirected,0.425332
62,87,Undirected,0.591571
62,92,Undirected,0.605292
62,100,Undirected,0.550242
62,105,Undirected,0.520287
62,110,Undirected,0.431912
62,122,Undirected,0.726258
62,129,Undirected,0.429492
62,145,Undirected,0.617348
62,155,Undirected,0.562911
62,162,Undirected,0.417520
62,172,Undirected,0.649256
62,179,Undirected,0.521646
62,189,Undirected,0.498491
62,190,Undirected,0.445753
62,199,Undirected,0.444055
63,77,Undirected,0.460482
63,80,Undirected,0.473734
63,97,Undirected,0.421824
63,99,Undirected,0.576200
63,100,Undirected,0.799525
63,103,Undirected,0.467341
63,114,Undirected,0.495330
63,122,Undirected,0.450580
63,126,Undirected,0.425358
63,143,Undirected,0.480276
63,150,Undirected,0.478435
63,158,Undirected,0.454242
63,159,Undirected,0.643155
63,175,Undirected,0.423071
63,189,Undirected,0.517821
63,192,Undirected,0.502826
63,195,Undirected,0.514150
64,65,Undirected,0.423258
64,79,Undirected,0.436642
64,90,Undirected,0.447721
64,93,Undirected,0.643630
64,95,Undirected,0.425419
64,106,Undirected,0.431121
64,115,Undirected,0.595357
64,127,Undirected,0.564838
64,132,Undirected,0.547273
64,134,Undirected,0.565043
64,136,Undirected,0.610855
64,156,Undirected,0.508312
64,161,Undirected,0.436562
64,163,Undirected,0.568653
64,171,Undirected,0.472324
64,180,Undirected,0.499678
64,182,Undirected,0.434160
64,188,Undirected,0.456750
64,197,Undirected,0.474096
65,76,Undirected,0.570272
65,79,Undirected,0.499370
65,90,Undirected,0.572050
65,96,Undirected,0.525198
65,111,Undirected,0.840362
65,123,Undirected,0.607443
65,134,Undirected,0.515066
65,136,Undirected,0.487114
65,143,Undirected,0.418296
65,150,Undirected,0.434258
65,161,Undirected,0.485014
65,163,Undirected,0.638720
65,182,Undirected,0.420356
65,188,Undirected,0.694639
65,197,Undirected,0.757894
66,67,Undirected,0.510958
66,69,Undirected,0.476100
66,79,Undirected,0.499426
66,83,Undirected,0.430089
66,88,Undirected,0.533902
66,98,Undirected,0.628420
66,107,Undirected,0.496981
66,116,Undirected,0.424431
66,117,Undirected,0.444605
66,119,Undirected,0.804218
66,121,Undirected,0.751582
66,123,Undirected,0.483679
66,128,Undirected,0.731983
66,137,Undirected,0.643000
66,146,Undirected,0.893079
66,153,Undirected,0.435839
66,154,Undirected,0.473382
66,157,Undirected,0.522561
66,165,Undirected,0.420966
66,178,Undirected,0.447440
66,184,Undirected,0.598781
66,185,Undirected,0.889772
66,200,Undirected,0.804582
67,79,Undirected,0.543925
67,83,Undirected,0.457031
67,84,Undirected,0.439925
67,119,Undirected,0.635383
67,121,Undirected,0.566003
67,123,Undirected,0.471541
67,128,Undirected,0.485356
67,137,Undirected,0.608746
67,146,Undirected,0.558293
67,165,Undirected,0.417725
67,178,Undirected,0.824107
67,184,Undirected,0.701609
67,185,Undirected,0.475008
67,200,Undirected,0.494476
68,194,Undirected,0.473714
69,107,Undirected,0.849440
69,115,Undirected,0.452844
69,117,Undirected,0.701971
69,128,Undirected,0.419908
69,143,Undirected,0.452475
69,144,Undirected,0.513404
69,146,Undirected,0.433169
69,150,Undirected,0.448694
69,153,Undirected,0.522007
69,164,Undirected,0.426523
69,185,Undirected,0.431303
69,193,Undirected,0.434509
69,200,Undirected,0.440328
70,81,Undirected,0.545717
70,85,Undirected,0.466221
70,89,Undirected,1.115641
70,102,Undirected,0.428512
70,105,Undirected,0.945365
70,108,Undirected,0.811691
70,131,Undirected,0.515449
70,138,Undirected,0.679318
70,142,Undirected,0.689660
70,170,Undirected,0.456124
70,172,Undirected,0.594520
70,177,Undirected,0.783576
70,179,Undirected,0.878332
70,189,Undirected,0.553619
70,195,Undirected,0.477000
71,124,Undirected,0.481345
72,74,Undirected,0.419312
72,78,Undirected,0.530727
72,82,Undirected,0.489806
72,91,Undirected,0.511657
72,92,Undirected,0.418813
72,99,Undirected,0.451928
72,101,Undirected,0.607876
72,104,Undirected,0.474072
72,107,Undirected,0.435425
72,109,Undirected,0.542744
72,112,Undirected,0.420364
72,117,Undirected,0.427188
72,129,Undirected,0.505960
72,133,Undirected,0.500694
72,139,Undirected,0.459972
72,140,Undirected,0.525085
72,145,Undirected,0.440319
72,153,Undirected,0.494724
72,174,Undirected,0.531164
72,196,Undirected,0.451800
73,82,Undirected,0.445908
73,95,Undirected,0.630381
73,99,Undirected,0.439252
73,114,Undirected,0.480955
73,115,Undirected,0.634282
73,117,Undirected,0.442635
73,133,Undirected,0.489528
73,141,Undirected,0.435929
73,149,Undirected,0.656895
73,151,Undirected,0.541785
73,156,Undirected,0.538541
73,164,Undirected,0.423218
73,173,Undirected,0.560569
73,182,Undirected,0.465179
73,186,Undirected,0.442915
73,187,Undirected,0.477384
73,191,Undirected,0.506992
74,133,Undirected,0.459202
74,141,Undirected,0.680476
74,169,Undirected,0.588359
74,173,Undirected,0.417609
74,196,Undirected,0.548644
75,106,Undirected,0.510056
75,113,Undirected,0.535792
75,115,Undirected,0.429318
75,125,Undirected,0.432967
75,127,Undirected,0.460136
75,139,Undirected,0.483349
75,149,Undirected,0.486439
75,167,Undirected,0.667119
75,168,Undirected,0.682778
75,183,Undirected,0.624805
75,187,Undirected,0.473285
75,193,Undirected,0.431625
76,79,Undirected,0.678844
76,81,Undirected,0.472914
76,90,Undirected,0.461848
76,96,Undirected,0.449566
76,111,Undirected,0.468242
76,123,Undirected,0.723555
76,125,Undirected,0.492695
76,128,Undirected,0.437561
76,136,Undirected,0.493404
76,147,Undirected,0.480723
76,163,Undirected,0.533252
76,168,Undirected,0.425291
76,188,Undirected,0.502427
76,197,Undirected,0.705829
77,80,Undirected,0.629954
77,99,Undirected,0.443183
77,118,Undirected,0.507141
77,120,Undirected,0.713917
77,126,Undirected,0.905953
77,152,Undirected,0.431914
77,159,Undirected,0.479882
77,175,Undirected,0.467280
77,176,Undirected,0.428546
77,192,Undirected,0.771657
77,195,Undirected,0.593629
78,101,Undirected,0.574337
78,112,Undirected,0.455947
78,129,Undirected,0.418393
78,140,Undirected,0.456837
78,181,Undirected,0.451172
79,90,Undirected,0.564707
79,93,Undirected,0.439045
79,96,Undirected,0.433609
79,98,Undirected,0.455420
79,111,Undirected,0.474098
79,116,Undirected,0.506398
79,119,Undirected,0.610830
79,123,Undirected,0.887557
79,125,Undirected,0.559963
79,128,Undirected,0.646981
79,134,Undirected,0.564340
79,137,Undirected,0.506993
79,146,Undirected,0.513592
79,154,Undirected,0.421011
79,157,Undirected,0.503305
79,161,Undirected,0.611460
79,168,Undirected,0.493400
79,171,Undirected,0.432004
79,178,Undirected,0.478788
79,180,Undirected,0.538401
79,182,Undirected,0.518987
79,184,Undirected,0.572469
79,185,Undirected,0.470595
79,188,Undirected,0.517580
79,197,Undirected,0.512796
79,200,Undirected,0.485815
80,120,Undirected,0.843441
80,126,Undirected,0.708898
80,158,Undirected,0.436334
80,159,Undirected,0.591460
80,192,Undirected,0.693582
80,195,Undirected,0.541724
81,85,Undirected,0.496595
81,89,Undirected,0.639199
81,97,Undirected,0.537138
81,105,Undirected,0.649515
81,106,Undirected,0.438294
81,108,Undirected,0.448601
81,114,Undirected,0.519083
81,115,Undirected,0.419529
81,132,Undirected,0.513078
81,136,Undirected,0.484243
81,138,Undirected,0.496518
81,142,Undirected,0.564569
81,147,Undirected,1.132092
81,159,Undirected,0.424346
81,163,Undirected,0.778442
81,166,Undirected,0.504499
81,170,Undirected,0.610903
81,172,Undirected,0.476863
81,174,Undirected,0.628032
81,177,Undirected,0.501961
81,179,Undirected,0.536290
81,189,Undirected,0.482283
81,195,Undirected,0.444283
81,197,Undirected,0.570530
82,91,Undirected,0.578015
82,95,Undirected,0.637264
82,99,Undirected,0.509324
82,104,Undirected,0.565117
82,109,Undirected,0.520281
82,114,Undirected,0.483722
82,127,Undirected,0.460267
82,133,Undirected,0.655007
82,139,Undirected,0.476874
82,149,Undirected,0.525176
82,166,Undirected,0.595372
82,173,Undirected,0.516901
82,174,Undirected,0.782084
82,186,Undirected,0.524279
82,191,Undirected,0.687950
83,110,Undirected,0.468578
83,112,Undirected,0.496072
83,119,Undirected,0.669656
83,129,Undirected,0.586261
83,137,Undirected,0.685993
83,144,Undirected,0.433974
83,146,Undirected,0.467095
83,153,Undirected,0.532235
83,181,Undirected,0.420440
83,184,Undirected,0.628721
83,196,Undirected,0.633859
84,94,Undirected,0.529025
84,135,Undirected,0.523078
84,148,Undirected,0.433533
84,178,Undirected,0.505332
85,89,Undirected,0.517687
85,97,Undirected,0.635413
85,100,Undirected,0.498732
85,102,Undirected,0.636211
85,105,Undirected,0.480128
85,131,Undirected,0.587103
85,138,Undirected,0.499696
85,142,Undirected,0.520597
85,143,Undirected,0.671091
85,150,Undirected,0.662393
85,159,Undirected,0.475569
85,163,Undirected,0.462396
85,170,Undirected,0.727258
85,172,Undirected,0.544118
85,177,Undirected,0.486554
85,179,Undirected,0.432035
85,189,Undirected,0.536928
87,92,Undirected,0.520093
87,110,Undirected,0.427436
87,140,Undirected,0.473076
87,145,Undirected,0.585876
87,155,Undirected,0.522581
87,198,Undirected,0.607697
88,98,Undirected,0.825350
88,121,Undirected,0.531736
88,146,Undirected,0.534238
88,154,Undirected,0.855889
88,157,Undirected,0.731885
88,165,Undirected,0.440139
89,97,Undirected,0.473323
89,102,Undirected,0.517853
89,105,Undirected,0.921890
89,108,Undirected,0.900617
89,131,Undirected,0.587365
89,138,Undirected,0.846474
89,142,Undirected,0.867804
89,147,Undirected,0.474412
89,152,Undirected,0.423120
89,158,Undirected,0.454406
89,159,Undirected,0.514458
89,163,Undirected,0.417693
89,170,Undirected,0.540818
89,172,Undirected,0.607241
89,175,Undirected,0.483196
89,177,Undirected,0.849326
89,179,Undirected,0.737108
89,189,Undirected,0.590260
89,192,Undirected,0.484348
89,195,Undirected,0.654010
90,96,Undirected,0.725427
90,111,Undirected,0.613426
90,123,Undirected,0.649931
90,134,Undirected,0.769401
90,136,Undirected,0.429968
90,161,Undirected,0.511633
90,171,Undirected,0.450079
90,180,Undirected,0.423405
90,182,Undirected,0.569751
90,188,Undirected,0.667427
90,197,Undirected,0.441482
91,104,Undirected,0.784666
91,106,Undirected,0.436497
91,109,Undirected,0.586566
91,133,Undirected,0.807892
91,139,Undirected,0.805079
91,149,Undirected,0.554001
91,167,Undirected,0.420705
91,173,Undirected,0.504722
91,174,Undirected,0.615031
91,186,Undirected,0.710393
91,187,Undirected,0.492912
91,191,Undirected,0.552279
91,193,Undirected,0.880350
92,110,Undirected,0.619064
92,112,Undirected,0.554026
92,122,Undirected,0.488349
92,129,Undirected,0.499291
92,130,Undirected,0.437806
92,145,Undirected,0.599005
92,155,Undirected,0.833925
92,178,Undirected,0.434678
92,196,Undirected,0.434856
92,199,Undirected,0.439575
93,96,Undirected,0.424081
93,114,Undirected,0.464998
93,115,Undirected,0.448330
93,116,Undirected,0.541487
93,132,Undirected,0.706547
93,134,Undirected,0.492827
93,136,Undirected,0.578166
93,143,Undirected,0.471436
93,156,Undirected,0.718128
93,163,Undirected,0.418337
93,164,Undirected,0.433550
93,170,Undirected,0.433186
93,171,Undirected,0.781543
93,180,Undirected,0.883481
93,188,Undirected,0.474396
94,135,Undirected,0.496499
94,148,Undirected,0.456604
95,99,Undirected,0.532292
95,104,Undirected,0.483813
95,106,Undirected,0.511738
95,114,Undirected,0.609836
95,115,Undirected,0.421452
95,127,Undirected,0.717675
95,133,Undirected,0.533567
95,149,Undirected,0.651962
95,151,Undirected,0.445855
95,156,Undirected,0.472813
95,163,Undirected,0.437671
95,166,Undirected,0.483862
95,173,Undirected,0.682748
95,174,Undirected,0.541643
95,183,Undirected,0.454463
95,186,Undirected,0.473776
95,187,Undirected,0.532265
95,191,Undirected,0.836764
96,111,Undirected,0.490360
96,123,Undirected,0.635495
96,134,Undirected,0.518586
96,171,Undirected,0.554814
96,180,Undirected,0.424548
96,188,Undirected,0.663544
97,100,Undirected,0.442577
97,102,Undirected,0.427830
97,105,Undirected,0.482520
97,114,Undirected,0.679108
97,122,Undirected,0.427502
97,131,Undirected,0.557120
97,132,Undirected,0.476123
97,136,Undirected,0.540514
97,142,Undirected,0.420167
97,143,Undirected,0.455299
97,147,Undirected,0.521412
97,150,Undirected,0.619990
97,159,Undirected,0.429727
97,163,Undirected,0.552549
97,170,Undirected,0.757776
97,172,Undirected,0.507189
97,174,Undirected,0.440400
97,177,Undirected,0.417712
97,179,Undirected,0.456349
97,189,Undirected,0.526178
97,197,Undirected,0.495240
98,119,Undirected,0.518284
98,121,Undirected,0.509153
98,128,Undirected,0.561615
98,146,Undirected,0.511136
98,154,Undirected,0.735277
98,157,Undirected,0.867623
98,165,Undirected,0.428480
98,180,Undirected,0.418108
98,185,Undirected,0.448178
98,200,Undirected,0.439842
99,100,Undirected,0.417803
99,114,Undirected,0.549523
99,117,Undirected,0.421025
99,149,Undirected,0.443083
99,151,Undirected,0.428747
99,166,Undirected,0.424109
99,169,Undirected,0.497268
99,191,Undirected,0.459207
100,103,Undirected,0.433574
100,114,Undirected,0.443544
100,118,Undirected,0.422267
100,131,Undirected,0.432248
100,132,Undirected,0.476085
100,138,Undirected,0.479976
100,143,Undirected,0.653136
100,150,Undirected,0.479557
100,158,Undirected,0.506764
100,159,Undirected,0.683225
100,170,Undirected,0.518766
100,172,Undirected,0.567791
100,175,Undirected,0.514806
100,177,Undirected,0.452882
100,189,Undirected,0.601490
100,192,Undirected,0.497372
100,195,Undirected,0.497319
101,140,Undirected,0.501217
102,108,Undirected,0.580063
102,131,Undirected,0.929501
102,138,Undirected,0.615010
102,142,Undirected,0.718139
102,143,Undirected,0.424705
102,158,Undirected,0.568694
102,159,Undirected,0.591271
102,170,Undirected,0.663882
102,172,Undirected,0.492826
102,175,Undirected,0.676514
102,177,Undirected,0.603656
102,189,Undirected,0.573708
102,195,Undirected,0.453046
103,118,Undirected,0.433031
103,162,Undirected,0.441529
103,192,Undirected,0.417846
104,109,Undirected,0.609732
104,133,Undirected,0.648489
104,139,Undirected,0.834200
104,149,Undirected,0.418833
104,167,Undirected,0.526082
104,173,Undirected,0.522884
104,174,Undirected,0.609985
104,183,Undirected,0.505870
104,186,Undirected,0.461307
104,191,Undirected,0.589631
104,193,Undirected,0.543037
105,108,Undirected,0.591436
105,122,Undirected,0.476314
105,131,Undirected,0.433403
105,138,Undirected,0.714212
105,142,Undirected,0.589703
105,147,Undirected,0.482741
105,152,Undirected,0.435776
105,163,Undirected,0.438255
105,170,Undirected,0.474214
105,172,Undirected,0.768534
105,177,Undirected,0.666278
105,179,Undirected,1.142289
105,189,Undirected,0.608091
105,195,Undirected,0.489241
106,115,Undirected,0.490196
106,125,Undirected,0.489497
106,127,Undirected,0.765740
106,133,Undirected,0.501826
106,139,Undirected,0.438881
106,149,Undirected,0.569977
106,163,Undirected,0.561566
106,166,Undirected,0.505981
106,167,Undirected,0.424701
106,168,Undirected,0.574663
106,174,Undirected,0.506651
106,186,Undirected,0.601418
106,187,Undirected,0.516463
106,191,Undirected,0.690276
106,193,Undirected,0.493398
106,197,Undirected,0.463234
107,117,Undirected,0.649923
107,119,Undirected,0.423274
107,137,Undirected,0.445747
107,144,Undirected,0.472128
107,146,Undirected,0.471166
107,153,Undirected,0.705259
107,193,Undirected,0.421290
107,196,Undirected,0.480752
108,131,Undirected,0.717351
108,138,Undirected,0.696069
108,142,Undirected,0.743964
108,158,Undirected,0.684345
108,159,Undirected,0.555974
108,170,Undirected,0.447342
108,172,Undirected,0.510707
108,175,Undirected,0.582414
108,177,Undirected,0.797154
108,179,Undirected,0.545581
108,189,Undirected,0.545593
108,192,Undirected,0.433197
108,195,Undirected,0.695196
109,133,Undirected,0.519064
109,139,Undirected,0.728910
109,160,Undirected,0.477178
109,174,Undirected,0.641094
109,186,Undirected,0.443498
109,191,Undirected,0.500921
110,112,Undirected,0.620077
110,129,Undirected,0.452579
110,155,Undirected,0.615930
110,181,Undirected,0.590770
110,196,Undirected,0.418789
111,123,Undirected,0.730982
111,134,Undirected,0.475570
111,161,Undirected,0.521337
111,182,Undirected,0.430148
111,188,Undirected,0.454102
111,197,Undirected,0.454435
112,129,Undirected,0.531169
112,155,Undirected,0.418391
112,181,Undirected,0.504549
112,196,Undirected,0.632818
113,124,Undirected,0.497704
113,149,Undirected,0.448440
113,164,Undirected,0.438103
113,166,Undirected,0.423713
113,169,Undirected,0.627491
113,183,Undirected,0.522045
114,127,Undirected,0.428955
114,132,Undirected,0.735809
114,136,Undirected,0.650032
114,147,Undirected,0.642960
114,151,Undirected,0.555535
114,156,Undirected,0.762158
114,163,Undirected,0.506495
114,166,Undirected,0.630723
114,170,Undirected,0.547193
114,171,Undirected,0.430247
114,174,Undirected,0.445506
114,191,Undirected,0.444999
115,127,Undirected,0.622948
115,132,Undirected,0.427282
115,149,Undirected,0.548855
115,156,Undirected,0.449407
115,161,Undirected,0.518450
115,163,Undirected,0.433069
115,164,Undirected,0.591902
115,166,Undirected,0.469563
115,186,Undirected,0.434941
115,187,Undirected,0.576324
116,121,Undirected,0.417339
116,128,Undirected,0.597312
116,134,Undirected,0.424672
116,154,Undirected,0.438571
116,156,Undirected,0.419882
116,165,Undirected,0.422697
116,171,Undirected,0.806485
116,180,Undirected,0.770467
116,188,Undirected,0.448428
117,141,Undirected,0.490042
117,146,Undirected,0.448438
117,150,Undirected,0.483189
117,153,Undirected,0.442268
117,196,Undirected,0.453154
117,200,Undirected,0.464397
118,126,Undirected,0.483222
118,138,Undirected,0.477785
118,152,Undirected,0.660170
118,162,Undirected,0.511629
118,172,Undirected,0.444406
118,176,Undirected,0.546932
118,192,Undirected,0.512562
119,121,Undirected,0.575754
119,123,Undirected,0.479860
119,128,Undirected,0.706969
119,137,Undirected,0.713873
119,143,Undirected,0.418562
119,144,Undirected,0.531952
119,146,Undirected,0.747484
119,161,Undirected,0.525358
119,165,Undirected,0.470362
119,168,Undirected,0.454573
119,178,Undirected,0.508612
119,184,Undirected,0.895954
119,185,Undirected,0.552409
119,196,Undirected,0.464432
119,200,Undirected,0.562566
120,126,Undirected,0.679940
120,158,Undirected,0.471726
120,159,Undirected,0.525685
120,192,Undirected,0.724391
120,195,Undirected,0.527232
121,128,Undirected,0.543039
121,137,Undirected,0.523785
121,146,Undirected,0.748894
121,184,Undirected,0.572940
121,185,Undirected,0.678896
121,200,Undirected,0.763389
122,145,Undirected,0.548175
122,172,Undirected,0.539604
122,179,Undirected,0.539294
122,189,Undirected,0.548016
123,128,Undirected,0.528396
123,134,Undirected,0.584315
123,137,Undirected,0.454187
123,146,Undirected,0.472150
123,154,Undirected,0.420273
123,157,Undirected,0.471422
123,161,Undirected,0.561586
123,178,Undirected,0.447296
123,180,Undirected,0.474788
123,182,Undirected,0.485731
123,184,Undirected,0.449868
123,185,Undirected,0.502225
123,188,Undirected,0.535652
123,197,Undirected,0.484777
123,200,Undirected,0.507135
125,136,Undirected,0.455518
125,161,Undirected,0.458531
125,163,Undirected,0.462207
125,167,Undirected,0.774933
125,168,Undirected,0.793887
125,182,Undirected,0.493750
125,184,Undirected,0.463105
125,191,Undirected,0.475434
125,197,Undirected,0.511244
126,159,Undirected,0.462723
126,175,Undirected,0.440219
126,192,Undirected,0.606233
126,195,Undirected,0.525775
127,149,Undirected,0.611767
127,163,Undirected,0.484812
127,166,Undirected,0.734463
127,174,Undirected,0.510257
127,186,Undirected,0.573766
127,187,Undirected,0.603947
127,191,Undirected,0.583982
128,134,Undirected,0.435154
128,137,Undirected,0.554958
128,143,Undirected,0.443495
128,146,Undirected,0.575173
128,150,Undirected,0.445594
128,157,Undirected,0.494599
128,161,Undirected,0.436611
128,165,Undirected,0.445650
128,180,Undirected,0.606939
128,184,Undirected,0.556095
128,185,Undirected,0.691535
128,188,Undirected,0.431359
128,200,Undirected,0.627942
129,153,Undirected,0.526524
129,181,Undirected,0.480590
129,196,Undirected,0.624843
130,155,Undirected,0.441852
131,138,Undirected,0.633028
131,142,Undirected,0.680423
131,143,Undirected,0.429412
131,150,Undirected,0.444371
131,158,Undirected,0.666122
131,159,Undirected,0.650112
131,170,Undirected,0.663985
131,172,Undirected,0.530447
131,175,Undirected,0.613024
131,177,Undirected,0.695898
131,189,Undirected,0.626206
131,195,Undirected,0.488879
132,136,Undirected,0.686045
132,143,Undirected,0.454517
132,147,Undirected,0.485636
132,156,Undirected,0.623515
132,163,Undirected,0.541334
132,164,Undirected,0.422524
132,166,Undirected,0.542443
132,170,Undirected,0.741050
132,171,Undirected,0.447243
133,139,Undirected,0.538957
133,149,Undirected,0.618791
133,167,Undirected,0.433806
133,173,Undirected,0.674792
133,174,Undirected,0.569557
133,186,Undirected,0.772775
133,187,Undirected,0.491381
133,191,Undirected,0.770867
133,193,Undirected,0.634846
134,161,Undirected,0.507964
134,171,Undirected,0.442632
134,180,Undirected,0.541165
134,182,Undirected,0.471040
134,188,Undirected,0.577010
135,148,Undirected,0.468822
136,143,Undirected,0.460913
136,147,Undirected,0.584823
136,150,Undirected,0.472098
136,156,Undirected,0.687742
136,163,Undirected,0.832228
136,170,Undirected,0.530993
136,171,Undirected,0.554838
136,180,Undirected,0.420751
136,188,Undirected,0.625176
136,197,Undirected,0.706052
137,143,Undirected,0.421447
137,146,Undirected,0.620004
137,153,Undirected,0.507166
137,178,Undirected,0.554759
137,184,Undirected,0.620833
137,185,Undirected,0.590849
137,196,Undirected,0.418163
137,200,Undirected,0.550019
138,142,Undirected,0.777691
138,143,Undirected,0.446671
138,152,Undirected,0.518644
138,158,Undirected,0.555684
138,159,Undirected,0.645570
138,170,Undirected,0.531197
138,172,Undirected,0.841478
138,175,Undirected,0.679161
138,177,Undirected,1.089911
138,179,Undirected,0.624485
138,189,Undirected,0.794031
138,192,Undirected,0.603985
138,195,Undirected,0.715293
139,174,Undirected,0.609685
139,186,Undirected,0.559691
139,187,Undirected,0.443120
139,191,Undirected,0.467872
139,193,Undirected,0.652225
140,153,Undirected,0.491473
140,181,Undirected,0.501974
141,144,Undirected,0.513606
141,151,Undirected,0.466483
141,165,Undirected,0.551983
141,196,Undirected,0.454284
142,158,Undirected,0.426575
142,159,Undirected,0.479183
142,170,Undirected,0.607311
142,172,Undirected,0.524701
142,175,Undirected,0.485975
142,177,Undirected,0.755221
142,179,Undirected,0.511410
142,189,Undirected,0.532012
142,195,Undirected,0.489639
143,150,Undirected,0.715723
143,159,Undirected,0.471258
143,163,Undirected,0.444123
143,170,Undirected,0.530241
143,172,Undirected,0.446944
143,177,Undirected,0.431581
143,180,Undirected,0.466061
143,188,Undirected,0.433803
143,189,Undirected,0.475072
144,164,Undirected,0.597082
144,165,Undirected,0.426758
144,184,Undirected,0.473263
144,196,Undirected,0.423774
145,155,Undirected,0.478799
146,150,Undirected,0.421317
146,153,Undirected,0.445607
146,154,Undirected,0.437671
146,157,Undirected,0.445015
146,165,Undirected,0.480489
146,178,Undirected,0.453953
146,184,Undirected,0.761756
146,185,Undirected,0.637028
146,200,Undirected,0.717146
147,156,Undirected,0.502229
147,163,Undirected,0.704085
147,166,Undirected,0.437729
147,170,Undirected,0.474437
147,174,Undirected,0.602721
147,197,Undirected,0.554620
149,151,Undirected,0.454009
149,164,Undirected,0.466905
149,166,Undirected,0.430571
149,167,Undirected,0.473613
149,169,Undirected,0.499556
149,173,Undirected,0.622664
149,183,Undirected,0.493895
149,186,Undirected,0.735498
149,187,Undirected,0.697560
149,191,Undirected,0.630684
149,193,Undirected,0.442100
150,159,Undirected,0.432529
150,163,Undirected,0.480079
150,170,Undirected,0.442513
150,188,Undirected,0.443634
150,189,Undirected,0.433264
150,197,Undirected,0.499150
150,200,Undirected,0.438306
151,156,Undirected,0.589909
151,164,Undirected,0.554652
151,165,Undirected,0.431658
151,169,Undirected,0.458501
152,162,Undirected,0.583379
152,172,Undirected,0.490764
152,176,Undirected,0.530403
152,177,Undirected,0.470333
152,179,Undirected,0.472722
152,189,Undirected,0.435417
152,192,Undirected,0.610108
152,194,Undirected,0.482209
153,196,Undirected,0.467597
154,157,Undirected,0.935894
155,181,Undirected,0.439663
155,190,Undirected,0.531682
155,199,Undirected,0.493279
156,163,Undirected,0.459958
156,164,Undirected,0.440041
156,166,Undirected,0.443406
156,171,Undirected,0.682276
156,180,Undirected,0.445057
157,161,Undirected,0.426383
157,180,Undirected,0.449281
158,159,Undirected,0.891048
158,172,Undirected,0.436931
158,175,Undirected,0.833958
158,177,Undirected,0.648799
158,189,Undirected,0.558819
158,192,Undirected,0.545646
158,195,Undirected,0.711997
159,170,Undirected,0.515711
159,172,Undirected,0.528378
159,175,Undirected,0.744860
159,177,Undirected,0.750037
159,179,Undirected,0.423986
159,189,Undirected,0.788074
159,192,Undirected,0.649640
159,195,Undirected,0.758131
161,168,Undirected,0.474699
161,182,Undirected,0.870978
161,184,Undirected,0.511384
161,187,Undirected,0.531235
161,197,Undirected,0.424523
162,176,Undirected,0.452439
162,190,Undirected,0.658672
162,194,Undirected,0.503632
162,199,Undirected,0.500681
163,166,Undirected,0.453739
163,168,Undirected,0.442560
163,170,Undirected,0.498642
163,174,Undirected,0.574627
163,188,Undirected,0.500490
163,191,Undirected,0.431190
163,192,Undirected,0.424639
163,195,Undirected,0.451465
163,197,Undirected,0.978278
164,166,Undirected,0.459790
165,184,Undirected,0.566494
166,174,Undirected,0.577518
166,186,Undirected,0.438223
167,168,Undirected,0.716161
167,173,Undirected,0.456631
167,182,Undirected,0.430894
167,183,Undirected,0.639028
167,187,Undirected,0.428644
167,191,Undirected,0.489189
167,197,Undirected,0.422728
168,184,Undirected,0.425184
168,193,Undirected,0.424103
168,197,Undirected,0.439891
169,183,Undirected,0.660484
170,172,Undirected,0.583641
170,175,Undirected,0.437756
170,177,Undirected,0.538222
170,179,Undirected,0.432636
170,189,Undirected,0.601113
171,180,Undirected,0.793637
171,188,Undirected,0.501936
172,175,Undirected,0.462121
172,177,Undirected,0.708309
172,179,Undirected,0.746759
172,189,Undirected,0.889420
172,192,Undirected,0.438161
172,195,Undirected,0.451591
173,182,Undirected,0.481631
173,186,Undirected,0.501769
173,187,Undirected,0.761422
173,191,Undirected,0.613830
174,186,Undirected,0.512447
174,191,Undirected,0.609143
174,193,Undirected,0.495795
174,197,Undirected,0.477406
175,177,Undirected,0.626308
175,189,Undirected,0.573990
175,192,Undirected,0.532682
175,195,Undirected,0.773782
176,192,Undirected,0.488055
177,179,Undirected,0.691398
177,189,Undirected,0.883530
177,192,Undirected,0.645507
177,195,Undirected,0.736351
178,184,Undirected,0.469859
179,189,Undirected,0.678469
179,195,Undirected,0.474594
180,188,Undirected,0.459787
182,184,Undirected,0.431065
182,187,Undirected,0.441954
182,197,Undirected,0.420474
183,191,Undirected,0.443253
184,185,Undirected,0.460884
184,196,Undirected,0.619863
184,200,Undirected,0.541193
185,200,Undirected,0.828253
186,187,Undirected,0.660040
186,191,Undirected,0.569318
186,193,Undirected,0.715188
187,191,Undirected,0.478878
187,193,Undirected,0.571080
188,197,Undirected,0.637074
189,192,Undirected,0.537722
189,195,Undirected,0.551449
190,194,Undirected,0.541427
190,199,Undirected,0.770671
191,193,Undirected,0.436566
191,197,Undirected,0.422687
192,195,Undirected,0.792446
194,199,Undirected,0.468940
